key,code,instantiationMoment,heading,description,department,email,link
claim-01,C-1111,2018/01/01 11:12,This is a heading,This is a description,Archeology,claim@acme.com,https://www.google.com/
claim-02,C-0000,2018/01/01 11:12,This is a heading,This is a description,Archeology,claim@acme.com,https://www.google.com/
claim-03,C-9999,2018/01/01 11:12,This is a heading,This is a description,Archeology,claim@acme.com,https://www.google.com/
claim-04,C-1112,2022/07/29 23:59,This is a heading,This is a description,Archeology,claim@acme.com,https://www.google.com/
claim-05,C-1113,2022/07/30 00:00,This is a heading,This is a description,Archeology,claim@acme.com,https://www.google.com/
claim-06,C-1114,2018/01/01 11:12,This is a headingThis is a headingThis is a headingThis is a headingThis is,This is a description,Archeology,claim@acme.com,https://www.google.com/
claim-07,C-1115,2018/01/01 11:12,This is a heading,This is a descriptionThis is a descriptionThis is a descriptionThis is a descriptionThis is a descri,Archeology,claim@acme.com,https://www.google.com/
claim-08,C-1116,2018/01/01 11:12,This is a heading,This is a description,ArcheologyArcheologyArcheologyArcheologyArcheologyArcheologyArcheologyArcheologyArcheologyArcheology,claim@acme.com,https://www.google.com/
claim-09,C-1117,2018/01/01 11:12,This is a heading,This is a description,Archeology,null,https://www.google.com/
claim-10,C-1118,2018/01/01 11:12,This is a heading,This is a description,Archeology,claim@acme.com,null
claim-11,C-1119,2018/01/01 11:12,This is a heading,This is a description,Archeology,null,null
