key,instantiationMoment,title,description,priority,status,startDate,endDate,link
objective-01,2018/01/01 11:12,This is a common title,This is a commom description,LOW,true,2018/02/01 11:12,2018/03/01 11:12,https://www.google.com/
objective-02,2022/07/29 23:59,This is a common title,This is a commom description,LOW,true,2022/08/29 23:59,2022/09/29 23:59,https://www.google.com/
objective-03,2022/07/30 00:00,This is a common title,This is a commom description,LOW,true,2022/08/30 00:00,2022/09/30 00:00,https://www.google.com/
objective-04,2018/01/01 11:12,This is a common titleThis is a common titleThis is a common titleThis is a,This is a commom description,LOW,true,2018/02/01 11:12,2018/03/01 11:12,https://www.google.com/
objective-05,2018/01/01 11:12,This is a common title,This is a commom descriptionThis is a commom descriptionThis is a commom descriptionThis is a commom,LOW,true,2018/02/01 11:12,2018/03/01 11:12,https://www.google.com/
objective-06,2018/01/01 11:12,This is a common title,This is a commom description,LOW,false,2018/02/01 11:12,2018/03/01 11:12,https://www.google.com/
objective-07,2018/01/01 11:12,This is a common title,This is a commom description,LOW,true,2018/01/01 11:13,2018/03/01 11:12,https://www.google.com/
objective-08,2018/01/01 11:12,This is a common title,This is a commom description,LOW,true,2018/02/01 11:12,2018/02/01 11:13,https://www.google.com/
objective-09,2018/01/01 11:12,This is a common title,This is a commom description,LOW,true,2018/02/01 11:12,2018/03/01 11:12,
