key,reference,identificationDate,impact,probability,description,link
risk-01,R-111,2018/01/01 11:12,6.00,32.00,This is a common description,https://www.google.com/
risk-02,R-000,2018/01/01 11:12,6.00,32.00,This is a common description,https://www.google.com/
risk-03,R-999,2018/01/01 11:12,6.00,32.00,This is a common description,https://www.google.com/
risk-04,R-112,2022/07/29 23:59,6.00,32.00,This is a common description,https://www.google.com/
risk-05,R-113,2022/07/30 00:00,6.00,32.00,This is a common description,https://www.google.com/
risk-06,R-114,2018/01/01 11:12,1.00,32.00,This is a common description,https://www.google.com/
risk-07,R-115,2018/01/01 11:12,6.00,00.00,This is a common description,https://www.google.com/
risk-08,R-116,2018/01/01 11:12,6.00,100.00,This is a common description,https://www.google.com/
risk-09,R-117,2018/01/01 11:12,6.00,0,This is a common description,https://www.google.com/
risk-10,R-118,2018/01/01 11:12,6.00,100,This is a common description,https://www.google.com/
risk-11,R-119,2018/01/01 11:12,6.00,32.00,This is a commom descriptionThis is a commom descriptionThis is a commom descriptionThis is a commom,https://www.google.com/
risk-12,R-120,2018/01/01 11:12,6.00,32.00,This is a common description,null
